{
    "distributions": [
        {
            "mean": [
                15,
                12.285714285714285,
                14.095238095238097,
                15
            ],
            "cov": [
                [
                    0.1,
                    0,
                    0,
                    0
                ],
                [
                    0,
                    1.227891156462585,
                    0,
                    0
                ],
                [
                    0,
                    0,
                    33.33333333333333,
                    0
                ],
                [
                    0,
                    0,
                    0,
                    0.3333333333333333
                ]
            ]
        },
        {
            "mean": [
                9,
                15.285714285714285,
                12.285714285714285,
                10
            ],
            "cov": [
                [
                    0.1,
                    0,
                    0,
                    0
                ],
                [
                    0,
                    1.227891156462585,
                    0,
                    0
                ],
                [
                    0,
                    0,
                    1.227891156462585,
                    0
                ],
                [
                    0,
                    0,
                    0,
                    0.1
                ]
            ]
        },
        {
            "mean": [
                6,
                10.5,
                16.5,
                15.285714285714285
            ],
            "cov": [
                [
                    0.1,
                    0,
                    0,
                    0
                ],
                [
                    0,
                    0.08333333333333333,
                    0,
                    0
                ],
                [
                    0,
                    0,
                    4.083333333333333,
                    0
                ],
                [
                    0,
                    0,
                    0,
                    1.227891156462585
                ]
            ]
        },
        {
            "mean": [
                12.285714285714285,
                17.83333315778618,
                19,
                11
            ],
            "cov": [
                [
                    1.227891156462585,
                    0,
                    0,
                    0
                ],
                [
                    0,
                    1.9722222562500011,
                    0,
                    0
                ],
                [
                    0,
                    0,
                    0.1,
                    0
                ],
                [
                    0,
                    0,
                    0,
                    0.3333333333333333
                ]
            ]
        },
        {
            "mean": [
                2.16666669375,
                7.7142857142857135,
                12,
                14
            ],
            "cov": [
                [
                    1.9722221881944448,
                    0,
                    0,
                    0
                ],
                [
                    0,
                    1.227891156462585,
                    0,
                    0
                ],
                [
                    0,
                    0,
                    1.3333333333333333,
                    0
                ],
                [
                    0,
                    0,
                    0,
                    0.1
                ]
            ]
        },
        {
            "mean": [
                1,
                5,
                9,
                7.5
            ],
            "cov": [
                [
                    0.1,
                    0,
                    0,
                    0
                ],
                [
                    0,
                    0.3333333333333333,
                    0,
                    0
                ],
                [
                    0,
                    0,
                    0.1,
                    0
                ],
                [
                    0,
                    0,
                    0,
                    0.75
                ]
            ]
        }
    ],
    "names": [
        "Tom",
        "David",
        "Bob",
        "Jane",
        "Joe",
        "Jack"
    ]
}
